,gender,race/ethnicity,parental level of education,lunch,test preparation course,math score,reading score,writing score,Total_Score,Performance_Level
0,female,group B,bachelor's degree,standard,none,72,72,74,72.67,Excellent
1,female,group C,some college,standard,completed,69,90,88,82.33,Excellent
2,female,group B,master's degree,standard,none,90,95,93,92.67,Excellent
3,male,group A,associate's degree,free/reduced,none,47,57,44,49.33,Poor
4,male,group C,some college,standard,none,76,78,75,76.33,Excellent
5,female,group B,associate's degree,standard,none,71,83,78,77.33,Excellent
6,female,group B,some college,standard,completed,88,95,92,91.67,Excellent
7,male,group B,some college,free/reduced,none,40,43,39,40.67,Poor
8,male,group D,high school,free/reduced,completed,64,64,67,65.0,Average
9,female,group B,high school,free/reduced,none,38,60,50,49.33,Poor
10,male,group C,associate's degree,standard,none,58,54,52,54.67,Average
11,male,group D,associate's degree,standard,none,40,52,43,45.0,Poor
12,female,group B,high school,standard,none,65,81,73,73.0,Excellent
13,male,group A,some college,standard,completed,78,72,70,73.33,Excellent
14,female,group A,master's degree,standard,none,50,53,58,53.67,Average
15,female,group C,some high school,standard,none,69,75,78,74.0,Excellent
16,male,group C,high school,standard,none,88,89,86,87.67,Excellent
17,male,group C,master's degree,free/reduced,completed,46,42,46,44.67,Poor
18,female,group C,associate's degree,free/reduced,none,54,58,61,57.67,Average
19,male,group D,high school,standard,none,66,69,63,66.0,Average
20,female,group B,some college,free/reduced,completed,65,75,70,70.0,Average
21,male,group D,some college,standard,none,44,54,53,50.33,Average
22,female,group C,some high school,standard,none,69,73,73,71.67,Excellent
23,male,group D,bachelor's degree,free/reduced,completed,74,71,80,75.0,Excellent
24,male,group A,master's degree,free/reduced,none,73,74,72,73.0,Excellent
25,male,group B,some college,standard,none,69,54,55,59.33,Average
26,female,group C,bachelor's degree,standard,none,67,69,75,70.33,Excellent
27,male,group C,high school,standard,none,70,70,65,68.33,Average
28,female,group D,master's degree,standard,none,62,70,75,69.0,Average
29,female,group D,some college,standard,none,69,74,74,72.33,Excellent
30,female,group B,some college,standard,none,63,65,61,63.0,Average
31,female,group E,master's degree,free/reduced,none,56,72,65,64.33,Average
32,male,group D,some college,standard,none,40,42,38,40.0,Poor
33,male,group E,some college,standard,none,97,87,82,88.67,Excellent
34,male,group E,associate's degree,standard,completed,81,81,79,80.33,Excellent
35,female,group D,associate's degree,standard,none,74,81,83,79.33,Excellent
36,female,group D,some high school,free/reduced,none,50,64,59,57.67,Average
37,female,group D,associate's degree,free/reduced,completed,75,90,88,84.33,Excellent
38,male,group B,associate's degree,free/reduced,none,57,56,57,56.67,Average
39,male,group C,associate's degree,free/reduced,none,55,61,54,56.67,Average
40,female,group C,associate's degree,standard,none,58,73,68,66.33,Average
41,female,group B,associate's degree,standard,none,53,58,65,58.67,Average
42,male,group B,some college,free/reduced,completed,59,65,66,63.33,Average
43,female,group E,associate's degree,free/reduced,none,50,56,54,53.33,Average
44,male,group B,associate's degree,standard,none,65,54,57,58.67,Average
45,female,group A,associate's degree,standard,completed,55,65,62,60.67,Average
46,female,group C,high school,standard,none,66,71,76,71.0,Excellent
47,female,group D,associate's degree,free/reduced,completed,57,74,76,69.0,Average
48,male,group C,high school,standard,completed,82,84,82,82.67,Excellent
49,male,group E,some college,standard,none,53,55,48,52.0,Average
50,male,group E,associate's degree,free/reduced,completed,77,69,68,71.33,Excellent
51,male,group C,some college,standard,none,53,44,42,46.33,Poor
52,male,group D,high school,standard,none,88,78,75,80.33,Excellent
53,female,group C,some high school,free/reduced,completed,71,84,87,80.67,Excellent
54,female,group C,high school,free/reduced,none,33,41,43,39.0,Poor
55,female,group E,associate's degree,standard,completed,82,85,86,84.33,Excellent
56,male,group D,associate's degree,standard,none,52,55,49,52.0,Average
57,male,group D,some college,standard,completed,58,59,58,58.33,Average
58,male,group E,bachelor's degree,free/reduced,completed,79,74,72,75.0,Excellent
59,male,group A,some high school,free/reduced,none,39,39,34,37.33,Poor
60,male,group A,associate's degree,free/reduced,none,62,61,55,59.33,Average
61,female,group C,associate's degree,standard,none,69,80,71,73.33,Excellent
62,female,group D,some high school,standard,none,59,58,59,58.67,Average
63,male,group B,some high school,standard,none,67,64,61,64.0,Average
64,male,group D,some high school,free/reduced,none,45,37,37,39.67,Poor
65,female,group C,some college,standard,none,60,72,74,68.67,Average
66,male,group B,associate's degree,free/reduced,none,61,58,56,58.33,Average
67,female,group C,associate's degree,standard,none,39,64,57,53.33,Average
68,female,group D,some college,free/reduced,completed,58,63,73,64.67,Average
69,male,group D,some college,standard,completed,63,55,63,60.33,Average
70,female,group A,associate's degree,free/reduced,none,41,51,48,46.67,Poor
71,male,group C,some high school,free/reduced,none,61,57,56,58.0,Average
72,male,group C,some high school,standard,none,49,49,41,46.33,Poor
73,male,group B,associate's degree,free/reduced,none,44,41,38,41.0,Poor
74,male,group A,bachelor's degree,standard,completed,80,78,81,79.67,Excellent
75,female,group D,some high school,standard,completed,61,74,72,69.0,Average
76,female,group E,master's degree,standard,none,62,68,68,66.0,Average
77,female,group B,associate's degree,standard,none,47,49,50,48.67,Poor
78,male,group B,high school,free/reduced,none,49,45,45,46.33,Poor
79,male,group A,some college,free/reduced,completed,50,47,54,50.33,Average
80,male,group E,associate's degree,standard,none,72,64,63,66.33,Average
81,male,group D,high school,free/reduced,none,42,39,34,38.33,Poor
82,female,group C,some college,standard,none,73,80,82,78.33,Excellent
83,female,group C,some college,free/reduced,none,76,83,88,82.33,Excellent
84,female,group D,associate's degree,standard,none,71,71,74,72.0,Excellent
85,female,group A,some college,standard,none,58,70,67,65.0,Average
86,female,group D,some high school,standard,none,73,86,82,80.33,Excellent
87,female,group C,bachelor's degree,standard,none,65,72,74,70.33,Excellent
88,male,group C,high school,free/reduced,none,27,34,36,32.33,Poor
89,male,group C,high school,standard,none,71,79,71,73.67,Excellent
90,male,group C,associate's degree,free/reduced,completed,43,45,50,46.0,Poor
91,female,group B,some college,standard,none,79,86,92,85.67,Excellent
92,male,group C,associate's degree,free/reduced,completed,78,81,82,80.33,Excellent
93,male,group B,some high school,standard,completed,65,66,62,64.33,Average
94,female,group E,some college,standard,completed,63,72,70,68.33,Average
95,female,group D,some college,free/reduced,none,58,67,62,62.33,Average
96,female,group D,bachelor's degree,standard,none,65,67,62,64.67,Average
97,male,group B,some college,standard,none,79,67,67,71.0,Excellent
98,male,group D,bachelor's degree,standard,completed,68,74,74,72.0,Excellent
99,female,group D,associate's degree,standard,none,85,91,89,88.33,Excellent
100,male,group B,high school,standard,completed,60,44,47,50.33,Average
101,male,group C,some college,standard,completed,98,86,90,91.33,Excellent
102,female,group C,some college,standard,none,58,67,72,65.67,Average
103,female,group D,master's degree,standard,none,87,100,100,95.67,Excellent
104,male,group E,associate's degree,standard,completed,66,63,64,64.33,Average
105,female,group B,associate's degree,free/reduced,none,52,76,70,66.0,Average
106,female,group B,some high school,standard,none,70,64,72,68.67,Average
107,female,group D,associate's degree,free/reduced,completed,77,89,98,88.0,Excellent
108,male,group C,high school,standard,none,62,55,49,55.33,Average
109,male,group A,associate's degree,standard,none,54,53,47,51.33,Average
110,female,group D,some college,standard,none,51,58,54,54.33,Average
111,female,group E,bachelor's degree,standard,completed,99,100,100,99.67,Excellent
112,male,group C,high school,standard,none,84,77,74,78.33,Excellent
113,female,group B,bachelor's degree,free/reduced,none,75,85,82,80.67,Excellent
114,female,group D,bachelor's degree,standard,none,78,82,79,79.67,Excellent
115,female,group D,some high school,standard,none,51,63,61,58.33,Average
116,female,group C,some college,standard,none,55,69,65,63.0,Average
117,female,group C,bachelor's degree,standard,completed,79,92,89,86.67,Excellent
118,male,group B,associate's degree,standard,completed,91,89,92,90.67,Excellent
119,female,group C,some college,standard,completed,88,93,93,91.33,Excellent
120,male,group D,high school,free/reduced,none,63,57,56,58.67,Average
121,male,group E,some college,standard,none,83,80,73,78.67,Excellent
122,female,group B,high school,standard,none,87,95,86,89.33,Excellent
123,male,group B,some high school,standard,none,72,68,67,69.0,Average
124,male,group D,some college,standard,completed,65,77,74,72.0,Excellent
125,male,group D,master's degree,standard,none,82,82,74,79.33,Excellent
126,female,group A,bachelor's degree,standard,none,51,49,51,50.33,Average
127,male,group D,master's degree,standard,none,89,84,82,85.0,Excellent
128,male,group C,some high school,free/reduced,completed,53,37,40,43.33,Poor
129,male,group E,some college,free/reduced,completed,87,74,70,77.0,Excellent
130,female,group C,some college,standard,completed,75,81,84,80.0,Excellent
131,male,group D,bachelor's degree,free/reduced,completed,74,79,75,76.0,Excellent
132,male,group C,bachelor's degree,standard,none,58,55,48,53.67,Average
133,male,group B,some high school,standard,completed,51,54,41,48.67,Poor
134,male,group E,high school,standard,none,70,55,56,60.33,Average
135,female,group C,associate's degree,standard,none,59,66,67,64.0,Average
136,male,group D,some college,standard,completed,71,61,69,67.0,Average
137,female,group D,some high school,standard,none,76,72,71,73.0,Excellent
138,female,group C,some college,free/reduced,none,59,62,64,61.67,Average
139,female,group E,some college,free/reduced,completed,42,55,54,50.33,Average
140,male,group A,high school,standard,none,57,43,47,49.0,Poor
141,male,group D,some college,standard,none,88,73,78,79.67,Excellent
142,male,group B,some high school,standard,none,88,84,75,82.33,Excellent
143,male,group C,associate's degree,free/reduced,none,73,68,66,69.0,Average
144,female,group D,bachelor's degree,standard,completed,68,75,81,74.67,Excellent
145,male,group E,associate's degree,free/reduced,completed,100,100,93,97.67,Excellent
146,male,group A,some high school,standard,completed,62,67,69,66.0,Average
147,male,group A,bachelor's degree,standard,none,77,67,68,70.67,Excellent
148,female,group B,associate's degree,standard,completed,59,70,66,65.0,Average
149,male,group D,bachelor's degree,standard,none,54,49,47,50.0,Poor
150,male,group D,some high school,standard,none,62,67,61,63.33,Average
151,female,group C,some college,standard,completed,70,89,88,82.33,Excellent
152,female,group E,high school,free/reduced,completed,66,74,78,72.67,Excellent
153,male,group B,some college,free/reduced,none,60,60,60,60.0,Average
154,female,group B,associate's degree,standard,completed,61,86,87,78.0,Excellent
155,male,group D,associate's degree,free/reduced,none,66,62,64,64.0,Average
156,male,group B,associate's degree,free/reduced,completed,82,78,74,78.0,Excellent
157,female,group E,some college,free/reduced,completed,75,88,85,82.67,Excellent
158,male,group B,master's degree,free/reduced,none,49,53,52,51.33,Average
159,male,group C,high school,standard,none,52,53,49,51.33,Average
160,female,group E,master's degree,standard,none,81,92,91,88.0,Excellent
161,female,group C,bachelor's degree,standard,completed,96,100,100,98.67,Excellent
162,male,group C,high school,free/reduced,completed,53,51,51,51.67,Average
163,female,group B,master's degree,free/reduced,completed,58,76,78,70.67,Excellent
164,female,group B,high school,standard,completed,68,83,78,76.33,Excellent
165,female,group C,some college,free/reduced,completed,67,75,70,70.67,Excellent
166,male,group A,high school,standard,completed,72,73,74,73.0,Excellent
167,male,group E,some high school,standard,none,94,88,78,86.67,Excellent
168,female,group D,some college,standard,none,79,86,81,82.0,Excellent
169,female,group C,associate's degree,standard,none,63,67,70,66.67,Average
170,female,group C,bachelor's degree,free/reduced,completed,43,51,54,49.33,Poor
171,female,group C,master's degree,standard,completed,81,91,87,86.33,Excellent
172,female,group B,high school,free/reduced,completed,46,54,58,52.67,Average
173,female,group C,associate's degree,standard,completed,71,77,77,75.0,Excellent
174,female,group B,master's degree,free/reduced,completed,52,70,62,61.33,Average
175,female,group D,some high school,standard,completed,97,100,100,99.0,Excellent
176,male,group C,master's degree,free/reduced,completed,62,68,75,68.33,Average
177,female,group C,some college,free/reduced,none,46,64,66,58.67,Average
178,female,group E,high school,standard,none,50,50,47,49.0,Poor
179,female,group D,associate's degree,standard,none,65,69,70,68.0,Average
180,male,group C,some high school,free/reduced,completed,45,52,49,48.67,Poor
181,male,group C,associate's degree,free/reduced,completed,65,67,65,65.67,Average
182,male,group E,high school,standard,none,80,76,65,73.67,Excellent
183,male,group D,some high school,standard,completed,62,66,68,65.33,Average
184,male,group B,some high school,free/reduced,none,48,52,45,48.33,Poor
185,female,group C,bachelor's degree,standard,none,77,88,87,84.0,Excellent
186,female,group E,associate's degree,standard,none,66,65,69,66.67,Average
187,male,group D,some college,standard,completed,76,83,79,79.33,Excellent
188,female,group B,some high school,standard,none,62,64,66,64.0,Average
189,male,group D,some college,standard,completed,77,62,62,67.0,Average
190,female,group C,master's degree,standard,completed,69,84,85,79.33,Excellent
191,male,group D,associate's degree,standard,none,61,55,52,56.0,Average
192,male,group C,some high school,free/reduced,completed,59,69,65,64.33,Average
193,male,group E,high school,free/reduced,none,55,56,51,54.0,Average
194,female,group B,some college,free/reduced,none,45,53,55,51.0,Average
195,female,group B,bachelor's degree,free/reduced,none,78,79,76,77.67,Excellent
196,female,group C,associate's degree,standard,completed,67,84,86,79.0,Excellent
197,female,group D,some college,free/reduced,none,65,81,77,74.33,Excellent
198,male,group C,associate's degree,standard,none,69,77,69,71.67,Excellent
199,female,group B,associate's degree,standard,none,57,69,68,64.67,Average
200,male,group C,some college,standard,none,59,41,42,47.33,Poor
201,male,group D,some high school,standard,completed,74,71,78,74.33,Excellent
202,male,group E,bachelor's degree,standard,none,82,62,62,68.67,Average
203,male,group E,high school,standard,completed,81,80,76,79.0,Excellent
204,female,group B,some college,free/reduced,none,74,81,76,77.0,Excellent
205,female,group B,some college,free/reduced,none,58,61,66,61.67,Average
206,male,group D,some high school,free/reduced,completed,80,79,79,79.33,Excellent
207,female,group C,high school,free/reduced,none,42,62,60,54.67,Average
208,male,group C,associate's degree,free/reduced,completed,60,51,56,55.67,Average
209,male,group E,high school,standard,completed,87,91,81,86.33,Excellent
210,male,group B,some high school,standard,completed,84,83,75,80.67,Excellent
211,female,group E,associate's degree,free/reduced,completed,83,86,88,85.67,Excellent
212,female,group C,high school,free/reduced,none,34,42,39,38.33,Poor
213,male,group B,high school,free/reduced,none,66,77,70,71.0,Excellent
214,male,group B,some high school,standard,completed,61,56,56,57.67,Average
215,female,group D,high school,standard,completed,56,68,74,66.0,Average
216,male,group B,associate's degree,standard,none,87,85,73,81.67,Excellent
217,female,group C,some high school,free/reduced,none,55,65,62,60.67,Average
218,male,group D,some high school,standard,none,86,80,75,80.33,Excellent
219,female,group B,associate's degree,standard,completed,52,66,73,63.67,Average
220,female,group E,master's degree,free/reduced,none,45,56,54,51.67,Average
221,female,group C,some college,standard,none,72,72,71,71.67,Excellent
222,male,group D,high school,standard,none,57,50,54,53.67,Average
223,male,group A,some high school,free/reduced,none,68,72,64,68.0,Average
224,female,group C,some college,standard,completed,88,95,94,92.33,Excellent
225,male,group D,some college,standard,none,76,64,66,68.67,Average
226,male,group C,associate's degree,standard,none,46,43,42,43.67,Poor
227,female,group B,bachelor's degree,standard,none,67,86,83,78.67,Excellent
228,male,group E,some high school,standard,none,92,87,78,85.67,Excellent
229,male,group C,bachelor's degree,standard,completed,83,82,84,83.0,Excellent
230,male,group D,associate's degree,standard,none,80,75,77,77.33,Excellent
231,male,group D,bachelor's degree,free/reduced,none,63,66,67,65.33,Average
232,female,group D,some high school,standard,completed,64,60,74,66.0,Average
233,male,group B,some college,standard,none,54,52,51,52.33,Average
234,male,group C,associate's degree,standard,none,84,80,80,81.33,Excellent
235,male,group D,high school,free/reduced,completed,73,68,66,69.0,Average
236,female,group E,bachelor's degree,standard,none,80,83,83,82.0,Excellent
237,female,group D,high school,standard,none,56,52,55,54.33,Average
238,male,group E,some college,standard,none,59,51,43,51.0,Average
239,male,group D,some high school,standard,none,75,74,69,72.67,Excellent
240,male,group C,associate's degree,standard,none,85,76,71,77.33,Excellent
241,male,group E,associate's degree,standard,none,89,76,74,79.67,Excellent
242,female,group B,high school,standard,completed,58,70,68,65.33,Average
243,female,group B,high school,standard,none,65,64,62,63.67,Average
244,male,group C,high school,standard,none,68,60,53,60.33,Average
245,male,group A,some high school,standard,completed,47,49,49,48.33,Poor
246,female,group D,some college,free/reduced,none,71,83,83,79.0,Excellent
247,female,group B,some high school,standard,completed,60,70,70,66.67,Average
248,male,group D,master's degree,standard,none,80,80,72,77.33,Excellent
249,male,group D,high school,standard,none,54,52,52,52.67,Average
250,female,group E,some college,standard,none,62,73,70,68.33,Average
251,female,group C,associate's degree,free/reduced,none,64,73,68,68.33,Average
252,male,group C,associate's degree,standard,completed,78,77,77,77.33,Excellent
253,female,group B,some college,standard,none,70,75,78,74.33,Excellent
254,female,group C,master's degree,free/reduced,completed,65,81,81,75.67,Excellent
255,female,group C,some high school,free/reduced,completed,64,79,77,73.33,Excellent
256,male,group C,some college,standard,completed,79,79,78,78.67,Excellent
257,female,group C,some high school,free/reduced,none,44,50,51,48.33,Poor
258,female,group E,high school,standard,none,99,93,90,94.0,Excellent
259,male,group D,high school,standard,none,76,73,68,72.33,Excellent
260,male,group D,some high school,free/reduced,none,59,42,41,47.33,Poor
261,female,group C,bachelor's degree,standard,none,63,75,81,73.0,Excellent
262,female,group D,high school,standard,none,69,72,77,72.67,Excellent
263,female,group D,associate's degree,standard,completed,88,92,95,91.67,Excellent
264,female,group E,some college,free/reduced,none,71,76,70,72.33,Excellent
265,male,group C,bachelor's degree,standard,none,69,63,61,64.33,Average
266,male,group C,some college,standard,none,58,49,42,49.67,Poor
267,female,group D,associate's degree,free/reduced,none,47,53,58,52.67,Average
268,female,group D,some college,standard,none,65,70,71,68.67,Average
269,male,group B,some college,standard,completed,88,85,76,83.0,Excellent
270,male,group C,bachelor's degree,standard,none,83,78,73,78.0,Excellent
271,female,group C,some high school,standard,completed,85,92,93,90.0,Excellent
272,female,group E,high school,standard,completed,59,63,75,65.67,Average
273,female,group C,some high school,free/reduced,none,65,86,80,77.0,Excellent
274,male,group B,bachelor's degree,free/reduced,none,73,56,57,62.0,Average
275,male,group D,high school,standard,none,53,52,42,49.0,Poor
276,male,group D,high school,standard,none,45,48,46,46.33,Poor
277,female,group D,bachelor's degree,free/reduced,none,73,79,84,78.67,Excellent
278,female,group D,some college,free/reduced,completed,70,78,78,75.33,Excellent
279,female,group B,some high school,standard,none,37,46,46,43.0,Poor
280,male,group B,associate's degree,standard,completed,81,82,82,81.67,Excellent
281,male,group E,associate's degree,standard,completed,97,82,88,89.0,Excellent
282,female,group B,some high school,standard,none,67,89,82,79.33,Excellent
283,male,group B,bachelor's degree,free/reduced,none,88,75,76,79.67,Excellent
284,male,group E,some high school,standard,completed,77,76,77,76.67,Excellent
285,male,group C,associate's degree,standard,none,76,70,68,71.33,Excellent
286,male,group D,some high school,standard,none,86,73,70,76.33,Excellent
287,male,group C,some high school,standard,completed,63,60,57,60.0,Average
288,female,group E,bachelor's degree,standard,none,65,73,75,71.0,Excellent
289,male,group D,high school,free/reduced,completed,78,77,80,78.33,Excellent
290,male,group B,associate's degree,free/reduced,none,67,62,60,63.0,Average
291,male,group A,some high school,standard,completed,46,41,43,43.33,Poor
292,male,group E,associate's degree,standard,completed,71,74,68,71.0,Excellent
293,male,group C,high school,free/reduced,completed,40,46,50,45.33,Poor
294,male,group D,associate's degree,free/reduced,none,90,87,75,84.0,Excellent
295,male,group A,some college,free/reduced,completed,81,78,81,80.0,Excellent
296,male,group D,some high school,free/reduced,none,56,54,52,54.0,Average
297,female,group C,associate's degree,standard,completed,67,84,81,77.33,Excellent
298,male,group B,associate's degree,standard,none,80,76,64,73.33,Excellent
299,female,group C,associate's degree,standard,completed,74,75,83,77.33,Excellent
300,male,group A,some college,standard,none,69,67,69,68.33,Average
301,male,group E,some college,standard,completed,99,87,81,89.0,Excellent
302,male,group C,some high school,standard,none,51,52,44,49.0,Poor
303,female,group B,associate's degree,free/reduced,none,53,71,67,63.67,Average
304,female,group D,high school,free/reduced,none,49,57,52,52.67,Average
305,female,group B,associate's degree,standard,none,73,76,80,76.33,Excellent
306,male,group B,bachelor's degree,standard,none,66,60,57,61.0,Average
307,male,group D,bachelor's degree,standard,completed,67,61,68,65.33,Average
308,female,group C,associate's degree,free/reduced,completed,68,67,69,68.0,Average
309,female,group C,bachelor's degree,standard,completed,59,64,75,66.0,Average
310,male,group C,high school,standard,none,71,66,65,67.33,Average
311,female,group D,master's degree,standard,completed,77,82,91,83.33,Excellent
312,male,group C,associate's degree,standard,none,83,72,78,77.67,Excellent
313,male,group B,bachelor's degree,standard,none,63,71,69,67.67,Average
314,female,group D,associate's degree,free/reduced,none,56,65,63,61.33,Average
315,female,group C,high school,free/reduced,completed,67,79,84,76.67,Excellent
316,female,group E,high school,standard,none,75,86,79,80.0,Excellent
317,female,group C,some college,standard,none,71,81,80,77.33,Excellent
318,female,group C,some high school,free/reduced,none,43,53,53,49.67,Poor
319,female,group C,high school,free/reduced,none,41,46,43,43.33,Poor
320,female,group C,some college,standard,none,82,90,94,88.67,Excellent
321,male,group C,some college,standard,none,61,61,62,61.33,Average
322,male,group C,associate's degree,standard,completed,82,75,77,78.0,Excellent
323,female,group B,some high school,standard,none,41,55,51,49.0,Poor
324,male,group C,high school,standard,none,71,60,61,64.0,Average
325,male,group C,associate's degree,standard,none,47,37,35,39.67,Poor
326,male,group E,associate's degree,standard,completed,62,56,53,57.0,Average
327,male,group B,associate's degree,standard,none,90,78,81,83.0,Excellent
328,female,group C,bachelor's degree,standard,none,83,93,95,90.33,Excellent
329,female,group B,some college,free/reduced,none,61,68,66,65.0,Average
330,male,group D,some high school,standard,completed,76,70,69,71.67,Excellent
331,male,group C,associate's degree,standard,none,49,51,43,47.67,Poor
332,female,group D,some high school,free/reduced,completed,35,55,60,50.0,Poor
333,male,group C,high school,free/reduced,none,58,61,52,57.0,Average
334,female,group C,high school,standard,none,61,73,63,65.67,Average
335,female,group B,high school,standard,completed,69,76,74,73.0,Excellent
336,male,group D,associate's degree,standard,completed,67,72,67,68.67,Average
337,male,group D,some college,standard,none,79,73,67,73.0,Excellent
338,female,group C,high school,standard,none,72,80,75,75.67,Excellent
339,male,group B,some college,standard,none,62,61,57,60.0,Average
340,female,group C,bachelor's degree,standard,completed,77,94,95,88.67,Excellent
341,male,group D,high school,free/reduced,none,75,74,66,71.67,Excellent
342,male,group E,associate's degree,standard,none,87,74,76,79.0,Excellent
343,female,group B,bachelor's degree,standard,none,52,65,69,62.0,Average
344,male,group E,some college,standard,none,66,57,52,58.33,Average
345,female,group C,some college,standard,completed,63,78,80,73.67,Excellent
346,female,group C,associate's degree,standard,none,46,58,57,53.67,Average
347,female,group C,some college,standard,none,59,71,70,66.67,Average
348,female,group B,bachelor's degree,standard,none,61,72,70,67.67,Average
349,male,group A,associate's degree,standard,none,63,61,61,61.67,Average
350,female,group C,some college,free/reduced,completed,42,66,69,59.0,Average
351,male,group D,some college,free/reduced,none,59,62,61,60.67,Average
352,female,group D,some college,standard,none,80,90,89,86.33,Excellent
353,female,group B,high school,standard,none,58,62,59,59.67,Average
354,male,group B,some high school,standard,completed,85,84,78,82.33,Excellent
355,female,group C,some college,standard,none,52,58,58,56.0,Average
356,female,group D,some high school,free/reduced,none,27,34,32,31.0,Poor
357,male,group C,some college,standard,none,59,60,58,59.0,Average
358,male,group A,bachelor's degree,free/reduced,completed,49,58,60,55.67,Average
359,male,group C,high school,standard,completed,69,58,53,60.0,Average
360,male,group C,bachelor's degree,free/reduced,none,61,66,61,62.67,Average
361,female,group A,some high school,free/reduced,none,44,64,58,55.33,Average
362,female,group D,some high school,standard,none,73,84,85,80.67,Excellent
363,male,group E,some college,standard,none,84,77,71,77.33,Excellent
364,female,group C,some college,free/reduced,completed,45,73,70,62.67,Average
365,male,group D,some high school,standard,none,74,74,72,73.33,Excellent
366,female,group D,some college,standard,completed,82,97,96,91.67,Excellent
367,female,group D,bachelor's degree,standard,none,59,70,73,67.33,Average
368,male,group E,associate's degree,free/reduced,none,46,43,41,43.33,Poor
369,female,group D,some high school,standard,none,80,90,82,84.0,Excellent
370,female,group D,master's degree,free/reduced,completed,85,95,100,93.33,Excellent
371,female,group A,some high school,standard,none,71,83,77,77.0,Excellent
372,male,group A,bachelor's degree,standard,none,66,64,62,64.0,Average
373,female,group B,associate's degree,standard,none,80,86,83,83.0,Excellent
374,male,group C,associate's degree,standard,completed,87,100,95,94.0,Excellent
375,male,group C,master's degree,free/reduced,none,79,81,71,77.0,Excellent
376,female,group E,some high school,free/reduced,none,38,49,45,44.0,Poor
377,female,group A,some high school,free/reduced,none,38,43,43,41.33,Poor
378,female,group E,some college,standard,none,67,76,75,72.67,Excellent
379,female,group E,bachelor's degree,standard,none,64,73,70,69.0,Average
380,female,group C,associate's degree,free/reduced,none,57,78,67,67.33,Average
381,female,group D,high school,standard,none,62,64,64,63.33,Average
382,male,group D,master's degree,standard,none,73,70,75,72.67,Excellent
383,male,group E,some high school,free/reduced,completed,73,67,59,66.33,Average
384,female,group D,some college,standard,none,77,68,77,74.0,Excellent
385,male,group E,some college,standard,none,76,67,67,70.0,Average
386,male,group C,associate's degree,standard,completed,57,54,56,55.67,Average
387,female,group C,some high school,standard,completed,65,74,77,72.0,Excellent
388,male,group A,high school,free/reduced,none,48,45,41,44.67,Poor
389,female,group B,high school,free/reduced,none,50,67,63,60.0,Average
390,female,group C,associate's degree,standard,none,85,89,95,89.67,Excellent
391,male,group B,some high school,standard,none,74,63,57,64.67,Average
392,male,group D,some high school,standard,none,60,59,54,57.67,Average
393,female,group C,some high school,standard,completed,59,54,67,60.0,Average
394,male,group A,some college,standard,none,53,43,43,46.33,Poor
395,female,group A,some college,free/reduced,none,49,65,55,56.33,Average
396,female,group D,high school,standard,completed,88,99,100,95.67,Excellent
397,female,group C,high school,standard,none,54,59,62,58.33,Average
398,female,group C,some high school,standard,none,63,73,68,68.0,Average
399,male,group B,associate's degree,standard,completed,65,65,63,64.33,Average
400,female,group B,associate's degree,standard,none,82,80,77,79.67,Excellent
401,female,group D,high school,free/reduced,completed,52,57,56,55.0,Average
402,male,group D,associate's degree,standard,completed,87,84,85,85.33,Excellent
403,female,group D,master's degree,standard,completed,70,71,74,71.67,Excellent
404,male,group E,some college,standard,completed,84,83,78,81.67,Excellent
405,male,group D,associate's degree,standard,none,71,66,60,65.67,Average
406,male,group B,some high school,standard,completed,63,67,67,65.67,Average
407,female,group C,bachelor's degree,free/reduced,completed,51,72,79,67.33,Average
408,male,group E,high school,standard,none,84,73,69,75.33,Excellent
409,male,group C,bachelor's degree,standard,completed,71,74,68,71.0,Excellent
410,male,group C,associate's degree,standard,none,74,73,67,71.33,Excellent
411,male,group D,some college,standard,none,68,59,62,63.0,Average
412,male,group E,high school,free/reduced,completed,57,56,54,55.67,Average
413,female,group C,associate's degree,free/reduced,completed,82,93,93,89.33,Excellent
414,female,group D,high school,standard,completed,57,58,64,59.67,Average
415,female,group D,master's degree,free/reduced,completed,47,58,67,57.33,Average
416,female,group A,some high school,standard,completed,59,85,80,74.67,Excellent
417,male,group B,some college,free/reduced,none,41,39,34,38.0,Poor
418,female,group C,some college,free/reduced,none,62,67,62,63.67,Average
419,male,group C,bachelor's degree,standard,none,86,83,86,85.0,Excellent
420,male,group C,some high school,free/reduced,none,69,71,65,68.33,Average
421,male,group A,some high school,free/reduced,none,65,59,53,59.0,Average
422,male,group C,some high school,free/reduced,none,68,63,54,61.67,Average
423,male,group C,associate's degree,free/reduced,none,64,66,59,63.0,Average
424,female,group C,high school,standard,none,61,72,70,67.67,Average
425,male,group C,high school,standard,none,61,56,55,57.33,Average
426,female,group A,some high school,free/reduced,none,47,59,50,52.0,Average
427,male,group C,some high school,standard,none,73,66,66,68.33,Average
428,male,group C,some college,free/reduced,completed,50,48,53,50.33,Average
429,male,group D,associate's degree,standard,none,75,68,64,69.0,Average
430,male,group D,associate's degree,free/reduced,none,75,66,73,71.33,Excellent
431,male,group C,high school,standard,none,70,56,51,59.0,Average
432,male,group D,some high school,standard,completed,89,88,82,86.33,Excellent
433,female,group C,some college,standard,completed,67,81,79,75.67,Excellent
434,female,group D,high school,standard,none,78,81,80,79.67,Excellent
435,female,group A,some high school,free/reduced,none,59,73,69,67.0,Average
436,female,group B,associate's degree,standard,none,73,83,76,77.33,Excellent
437,male,group A,some high school,free/reduced,none,79,82,73,78.0,Excellent
438,female,group C,some high school,standard,completed,67,74,77,72.67,Excellent
439,male,group D,some college,free/reduced,none,69,66,60,65.0,Average
440,male,group C,high school,standard,completed,86,81,80,82.33,Excellent
441,male,group B,high school,standard,none,47,46,42,45.0,Poor
442,male,group B,associate's degree,standard,none,81,73,72,75.33,Excellent
443,female,group C,some college,free/reduced,completed,64,85,85,78.0,Excellent
444,female,group E,some college,standard,none,100,92,97,96.33,Excellent
445,female,group C,associate's degree,free/reduced,none,65,77,74,72.0,Excellent
446,male,group C,some college,free/reduced,none,65,58,49,57.33,Average
447,female,group C,associate's degree,free/reduced,none,53,61,62,58.67,Average
448,male,group C,bachelor's degree,free/reduced,none,37,56,47,46.67,Poor
449,female,group D,bachelor's degree,standard,none,79,89,89,85.67,Excellent
450,male,group D,associate's degree,free/reduced,none,53,54,48,51.67,Average
451,female,group E,bachelor's degree,standard,none,100,100,100,100.0,Excellent
452,male,group B,high school,standard,completed,72,65,68,68.33,Average
453,male,group C,bachelor's degree,free/reduced,none,53,58,55,55.33,Average
454,male,group B,some college,free/reduced,none,54,54,45,51.0,Average
455,female,group E,some college,standard,none,71,70,76,72.33,Excellent
456,female,group C,some college,free/reduced,none,77,90,91,86.0,Excellent
457,male,group A,bachelor's degree,standard,completed,75,58,62,65.0,Average
458,female,group C,some college,standard,none,84,87,91,87.33,Excellent
459,male,group A,high school,free/reduced,completed,72,67,65,68.0,Average
460,female,group A,high school,free/reduced,completed,77,88,85,83.33,Excellent
461,male,group C,some college,standard,none,91,74,76,80.33,Excellent
462,female,group C,associate's degree,standard,completed,83,85,90,86.0,Excellent
463,female,group C,high school,standard,none,63,69,74,68.67,Average
464,female,group C,associate's degree,standard,completed,68,86,84,79.33,Excellent
465,female,group D,some high school,standard,none,59,67,61,62.33,Average
466,female,group B,associate's degree,standard,completed,90,90,91,90.33,Excellent
467,female,group D,bachelor's degree,standard,completed,71,76,83,76.67,Excellent
468,male,group E,bachelor's degree,standard,completed,76,62,66,68.0,Average
469,male,group D,associate's degree,standard,none,80,68,72,73.33,Excellent
470,female,group D,master's degree,standard,none,55,64,70,63.0,Average
471,male,group E,associate's degree,standard,none,76,71,67,71.33,Excellent
472,male,group B,high school,standard,completed,73,71,68,70.67,Excellent
473,female,group D,associate's degree,free/reduced,none,52,59,56,55.67,Average
474,male,group C,some college,free/reduced,none,68,68,61,65.67,Average
475,male,group A,high school,standard,none,59,52,46,52.33,Average
476,female,group B,associate's degree,standard,none,49,52,54,51.67,Average
477,male,group C,high school,standard,none,70,74,71,71.67,Excellent
478,male,group D,some college,free/reduced,none,61,47,56,54.67,Average
479,female,group C,associate's degree,free/reduced,none,60,75,74,69.67,Average
480,male,group B,some high school,standard,completed,64,53,57,58.0,Average
481,male,group A,associate's degree,free/reduced,completed,79,82,82,81.0,Excellent
482,female,group A,associate's degree,free/reduced,none,65,85,76,75.33,Excellent
483,female,group C,associate's degree,standard,none,64,64,70,66.0,Average
484,female,group C,some college,standard,none,83,83,90,85.33,Excellent
485,female,group C,bachelor's degree,standard,none,81,88,90,86.33,Excellent
486,female,group B,high school,standard,none,54,64,68,62.0,Average
487,male,group D,high school,standard,completed,68,64,66,66.0,Average
488,female,group C,some college,standard,none,54,48,52,51.33,Average
489,female,group D,some college,free/reduced,completed,59,78,76,71.0,Excellent
490,female,group B,some high school,standard,none,66,69,68,67.67,Average
491,male,group E,some college,standard,none,76,71,72,73.0,Excellent
492,female,group D,master's degree,standard,none,74,79,82,78.33,Excellent
493,female,group B,associate's degree,standard,completed,94,87,92,91.0,Excellent
494,male,group C,some college,free/reduced,none,63,61,54,59.33,Average
495,female,group E,associate's degree,standard,completed,95,89,92,92.0,Excellent
496,female,group D,master's degree,free/reduced,none,40,59,54,51.0,Average
497,female,group B,some high school,standard,none,82,82,80,81.33,Excellent
498,male,group A,high school,standard,none,68,70,66,68.0,Average
499,male,group B,bachelor's degree,free/reduced,none,55,59,54,56.0,Average
500,male,group C,master's degree,standard,none,79,78,77,78.0,Excellent
501,female,group C,bachelor's degree,standard,none,86,92,87,88.33,Excellent
502,male,group D,some college,standard,none,76,71,73,73.33,Excellent
503,male,group A,some high school,standard,none,64,50,43,52.33,Average
504,male,group D,some high school,free/reduced,none,62,49,52,54.33,Average
505,female,group B,some high school,standard,completed,54,61,62,59.0,Average
506,female,group B,master's degree,free/reduced,completed,77,97,94,89.33,Excellent
507,female,group C,some high school,standard,completed,76,87,85,82.67,Excellent
508,female,group D,some college,standard,none,74,89,84,82.33,Excellent
509,female,group E,some college,standard,completed,66,74,73,71.0,Excellent
510,female,group D,some high school,standard,completed,66,78,78,74.0,Excellent
511,female,group B,high school,free/reduced,completed,67,78,79,74.67,Excellent
512,male,group D,some college,standard,none,71,49,52,57.33,Average
513,female,group C,associate's degree,standard,none,91,86,84,87.0,Excellent
514,male,group D,bachelor's degree,standard,none,69,58,57,61.33,Average
515,male,group C,master's degree,free/reduced,none,54,59,50,54.33,Average
516,male,group C,high school,standard,completed,53,52,49,51.33,Average
517,male,group E,some college,standard,none,68,60,59,62.33,Average
518,male,group C,some high school,free/reduced,completed,56,61,60,59.0,Average
519,female,group C,high school,free/reduced,none,36,53,43,44.0,Poor
520,female,group D,bachelor's degree,free/reduced,none,29,41,47,39.0,Poor
521,female,group C,associate's degree,standard,none,62,74,70,68.67,Average
522,female,group C,associate's degree,standard,completed,68,67,73,69.33,Average
523,female,group C,some high school,standard,none,47,54,53,51.33,Average
524,male,group E,associate's degree,standard,completed,62,61,58,60.33,Average
525,female,group E,associate's degree,standard,completed,79,88,94,87.0,Excellent
526,male,group B,high school,standard,completed,73,69,68,70.0,Average
527,female,group C,bachelor's degree,free/reduced,completed,66,83,83,77.33,Excellent
528,male,group C,associate's degree,standard,completed,51,60,58,56.33,Average
529,female,group D,high school,standard,none,51,66,62,59.67,Average
530,male,group E,bachelor's degree,standard,completed,85,66,71,74.0,Excellent
531,male,group A,associate's degree,standard,completed,97,92,86,91.67,Excellent
532,male,group C,high school,standard,completed,75,69,68,70.67,Excellent
533,male,group D,associate's degree,free/reduced,completed,79,82,80,80.33,Excellent
534,female,group C,associate's degree,standard,none,81,77,79,79.0,Excellent
535,female,group D,associate's degree,standard,none,82,95,89,88.67,Excellent
536,female,group D,master's degree,standard,none,64,63,66,64.33,Average
537,male,group E,some high school,free/reduced,completed,78,83,80,80.33,Excellent
538,female,group A,some high school,standard,completed,92,100,97,96.33,Excellent
539,male,group C,high school,standard,completed,72,67,64,67.67,Average
540,female,group C,high school,free/reduced,none,62,67,64,64.33,Average
541,male,group C,master's degree,standard,none,79,72,69,73.33,Excellent
542,male,group C,some high school,free/reduced,none,79,76,65,73.33,Excellent
543,male,group B,bachelor's degree,free/reduced,completed,87,90,88,88.33,Excellent
544,female,group B,associate's degree,standard,none,40,48,50,46.0,Poor
545,male,group D,some college,free/reduced,none,77,62,64,67.67,Average
546,male,group E,associate's degree,standard,none,53,45,40,46.0,Poor
547,female,group C,some college,free/reduced,none,32,39,33,34.67,Poor
548,female,group C,associate's degree,standard,completed,55,72,79,68.67,Average
549,male,group C,master's degree,free/reduced,none,61,67,66,64.67,Average
550,female,group B,associate's degree,free/reduced,none,53,70,70,64.33,Average
551,male,group D,some high school,standard,none,73,66,62,67.0,Average
552,female,group D,some college,standard,completed,74,75,79,76.0,Excellent
553,female,group C,some college,standard,none,63,74,74,70.33,Excellent
554,male,group C,bachelor's degree,standard,completed,96,90,92,92.67,Excellent
555,female,group D,some college,free/reduced,completed,63,80,80,74.33,Excellent
556,male,group B,bachelor's degree,free/reduced,none,48,51,46,48.33,Poor
557,male,group B,associate's degree,standard,none,48,43,45,45.33,Poor
558,female,group E,bachelor's degree,free/reduced,completed,92,100,100,97.33,Excellent
559,female,group D,master's degree,free/reduced,completed,61,71,78,70.0,Average
560,male,group B,high school,free/reduced,none,63,48,47,52.67,Average
561,male,group D,bachelor's degree,free/reduced,none,68,68,67,67.67,Average
562,male,group B,some college,standard,completed,71,75,70,72.0,Excellent
563,male,group A,bachelor's degree,standard,none,91,96,92,93.0,Excellent
564,female,group C,some college,standard,none,53,62,56,57.0,Average
565,female,group C,high school,free/reduced,completed,50,66,64,60.0,Average
566,female,group E,high school,standard,none,74,81,71,75.33,Excellent
567,male,group A,associate's degree,free/reduced,completed,40,55,53,49.33,Poor
568,male,group A,some college,standard,completed,61,51,52,54.67,Average
569,female,group B,high school,standard,none,81,91,89,87.0,Excellent
570,female,group B,some college,free/reduced,completed,48,56,58,54.0,Average
571,female,group D,master's degree,standard,none,53,61,68,60.67,Average
572,female,group D,some high school,standard,none,81,97,96,91.33,Excellent
573,female,group E,some high school,standard,none,77,79,80,78.67,Excellent
574,female,group D,bachelor's degree,free/reduced,none,63,73,78,71.33,Excellent
575,female,group D,associate's degree,standard,completed,73,75,80,76.0,Excellent
576,female,group D,some college,standard,none,69,77,77,74.33,Excellent
577,female,group C,associate's degree,standard,none,65,76,76,72.33,Excellent
578,female,group A,high school,standard,none,55,73,73,67.0,Average
579,female,group C,bachelor's degree,free/reduced,none,44,63,62,56.33,Average
580,female,group C,some college,standard,none,54,64,65,61.0,Average
581,female,group A,some high school,standard,none,48,66,65,59.67,Average
582,male,group C,some college,free/reduced,none,58,57,54,56.33,Average
583,male,group A,some high school,standard,none,71,62,50,61.0,Average
584,male,group E,bachelor's degree,standard,none,68,68,64,66.67,Average
585,female,group E,high school,standard,none,74,76,73,74.33,Excellent
586,female,group C,bachelor's degree,standard,completed,92,100,99,97.0,Excellent
587,female,group C,bachelor's degree,standard,completed,56,79,72,69.0,Average
588,male,group A,some high school,standard,none,53,54,48,51.67,Average
589,female,group D,high school,standard,none,69,77,73,73.0,Excellent
590,female,group D,some high school,standard,none,65,82,81,76.0,Excellent
591,female,group D,master's degree,standard,none,54,60,63,59.0,Average
592,female,group E,some college,standard,none,76,78,80,78.0,Excellent
593,male,group D,high school,free/reduced,none,60,57,51,56.0,Average
594,male,group D,master's degree,free/reduced,completed,84,89,90,87.67,Excellent
595,male,group C,some high school,standard,none,75,72,62,69.67,Average
596,female,group C,associate's degree,standard,none,85,84,82,83.67,Excellent
597,female,group C,master's degree,free/reduced,none,40,58,54,50.67,Average
598,female,group E,some college,standard,none,61,64,62,62.33,Average
599,female,group B,associate's degree,standard,none,58,63,65,62.0,Average
600,male,group D,some college,free/reduced,completed,69,60,63,64.0,Average
601,female,group C,some college,standard,none,58,59,66,61.0,Average
602,male,group C,bachelor's degree,standard,completed,94,90,91,91.67,Excellent
603,female,group C,associate's degree,standard,none,65,77,74,72.0,Excellent
604,female,group A,associate's degree,standard,none,82,93,93,89.33,Excellent
605,female,group C,high school,standard,none,60,68,72,66.67,Average
606,female,group E,bachelor's degree,standard,none,37,45,38,40.0,Poor
607,male,group D,bachelor's degree,standard,none,88,78,83,83.0,Excellent
608,male,group D,master's degree,standard,none,95,81,84,86.67,Excellent
609,male,group C,associate's degree,free/reduced,completed,65,73,68,68.67,Average
610,female,group C,high school,free/reduced,none,35,61,54,50.0,Poor
611,male,group B,bachelor's degree,free/reduced,none,62,63,56,60.33,Average
612,male,group C,high school,free/reduced,completed,58,51,52,53.67,Average
613,male,group A,some college,standard,completed,100,96,86,94.0,Excellent
614,female,group E,bachelor's degree,free/reduced,none,61,58,62,60.33,Average
615,male,group D,some college,standard,completed,100,97,99,98.67,Excellent
616,male,group B,associate's degree,free/reduced,completed,69,70,63,67.33,Average
617,male,group D,associate's degree,standard,none,61,48,46,51.67,Average
618,male,group D,some college,free/reduced,none,49,57,46,50.67,Average
619,female,group C,some high school,standard,completed,44,51,55,50.0,Poor
620,male,group D,some college,standard,none,67,64,70,67.0,Average
621,male,group B,high school,standard,none,79,60,65,68.0,Average
622,female,group B,bachelor's degree,standard,completed,66,74,81,73.67,Excellent
623,female,group C,high school,standard,none,75,88,85,82.67,Excellent
624,male,group D,some high school,standard,none,84,84,80,82.67,Excellent
625,male,group A,high school,standard,none,71,74,64,69.67,Average
626,female,group B,high school,free/reduced,completed,67,80,81,76.0,Excellent
627,female,group D,some high school,standard,completed,80,92,88,86.67,Excellent
628,male,group E,some college,standard,none,86,76,74,78.67,Excellent
629,female,group D,associate's degree,standard,none,76,74,73,74.33,Excellent
630,male,group D,high school,standard,none,41,52,51,48.0,Poor
631,female,group D,associate's degree,free/reduced,completed,74,88,90,84.0,Excellent
632,female,group B,some high school,free/reduced,none,72,81,79,77.33,Excellent
633,female,group E,high school,standard,completed,74,79,80,77.67,Excellent
634,male,group B,high school,standard,none,70,65,60,65.0,Average
635,female,group B,bachelor's degree,standard,completed,65,81,81,75.67,Excellent
636,female,group D,associate's degree,standard,none,59,70,65,64.67,Average
637,female,group E,high school,free/reduced,none,64,62,68,64.67,Average
638,female,group B,high school,standard,none,50,53,55,52.67,Average
639,female,group D,some college,standard,completed,69,79,81,76.33,Excellent
640,male,group C,some high school,free/reduced,completed,51,56,53,53.33,Average
641,female,group A,high school,standard,completed,68,80,76,74.67,Excellent
642,female,group D,some college,standard,completed,85,86,98,89.67,Excellent
643,female,group A,associate's degree,standard,completed,65,70,74,69.67,Average
644,female,group B,some high school,standard,none,73,79,79,77.0,Excellent
645,female,group B,some college,standard,none,62,67,67,65.33,Average
646,male,group C,associate's degree,free/reduced,none,77,67,64,69.33,Average
647,male,group D,some high school,standard,none,69,66,61,65.33,Average
648,female,group D,associate's degree,free/reduced,none,43,60,58,53.67,Average
649,male,group D,associate's degree,standard,none,90,87,85,87.33,Excellent
650,male,group C,some college,free/reduced,none,74,77,73,74.67,Excellent
651,male,group C,some high school,standard,none,73,66,63,67.33,Average
652,female,group D,some college,free/reduced,none,55,71,69,65.0,Average
653,female,group C,high school,standard,none,65,69,67,67.0,Average
654,male,group D,associate's degree,standard,none,80,63,63,68.67,Average
655,female,group C,some high school,free/reduced,completed,50,60,60,56.67,Average
656,female,group C,some college,free/reduced,completed,63,73,71,69.0,Average
657,female,group B,bachelor's degree,free/reduced,none,77,85,87,83.0,Excellent
658,male,group C,some college,standard,none,73,74,61,69.33,Average
659,male,group D,associate's degree,standard,completed,81,72,77,76.67,Excellent
660,female,group C,high school,free/reduced,none,66,76,68,70.0,Average
661,male,group D,associate's degree,free/reduced,none,52,57,50,53.0,Average
662,female,group C,some college,standard,none,69,78,76,74.33,Excellent
663,female,group C,associate's degree,standard,completed,65,84,84,77.67,Excellent
664,female,group D,high school,standard,completed,69,77,78,74.67,Excellent
665,female,group B,some college,standard,completed,50,64,66,60.0,Average
666,female,group E,some college,standard,completed,73,78,76,75.67,Excellent
667,female,group C,some high school,standard,completed,70,82,76,76.0,Excellent
668,male,group D,associate's degree,free/reduced,none,81,75,78,78.0,Excellent
669,male,group D,some college,free/reduced,none,63,61,60,61.33,Average
670,female,group D,high school,standard,none,67,72,74,71.0,Excellent
671,male,group B,high school,standard,none,60,68,60,62.67,Average
672,male,group B,high school,standard,none,62,55,54,57.0,Average
673,female,group C,some high school,free/reduced,completed,29,40,44,37.67,Poor
674,male,group B,some college,standard,completed,62,66,68,65.33,Average
675,female,group E,master's degree,standard,completed,94,99,100,97.67,Excellent
676,male,group E,some college,standard,completed,85,75,68,76.0,Excellent
677,male,group D,associate's degree,free/reduced,none,77,78,73,76.0,Excellent
678,male,group A,high school,free/reduced,none,53,58,44,51.67,Average
679,male,group E,some college,free/reduced,none,93,90,83,88.67,Excellent
680,female,group C,associate's degree,standard,none,49,53,53,51.67,Average
681,female,group E,associate's degree,free/reduced,none,73,76,78,75.67,Excellent
682,female,group C,bachelor's degree,free/reduced,completed,66,74,81,73.67,Excellent
683,female,group D,associate's degree,standard,none,77,77,73,75.67,Excellent
684,female,group C,some high school,standard,none,49,63,56,56.0,Average
685,female,group D,some college,free/reduced,none,79,89,86,84.67,Excellent
686,female,group C,associate's degree,standard,completed,75,82,90,82.33,Excellent
687,female,group A,bachelor's degree,standard,none,59,72,70,67.0,Average
688,female,group D,associate's degree,standard,completed,57,78,79,71.33,Excellent
689,male,group C,high school,free/reduced,none,66,66,59,63.67,Average
690,female,group E,bachelor's degree,standard,completed,79,81,82,80.67,Excellent
691,female,group B,some high school,standard,none,57,67,72,65.33,Average
692,male,group A,bachelor's degree,standard,completed,87,84,87,86.0,Excellent
693,female,group D,some college,standard,none,63,64,67,64.67,Average
694,female,group B,some high school,free/reduced,completed,59,63,64,62.0,Average
695,male,group A,bachelor's degree,free/reduced,none,62,72,65,66.33,Average
696,male,group D,high school,standard,none,46,34,36,38.67,Poor
697,male,group C,some college,standard,none,66,59,52,59.0,Average
698,male,group D,high school,standard,none,89,87,79,85.0,Excellent
699,female,group D,associate's degree,free/reduced,completed,42,61,58,53.67,Average
700,male,group C,some college,standard,completed,93,84,90,89.0,Excellent
701,female,group E,some high school,standard,completed,80,85,85,83.33,Excellent
702,female,group D,some college,standard,none,98,100,99,99.0,Excellent
703,male,group D,master's degree,standard,none,81,81,84,82.0,Excellent
704,female,group B,some high school,standard,completed,60,70,74,68.0,Average
705,female,group B,associate's degree,free/reduced,completed,76,94,87,85.67,Excellent
706,male,group C,associate's degree,standard,completed,73,78,72,74.33,Excellent
707,female,group C,associate's degree,standard,completed,96,96,99,97.0,Excellent
708,female,group C,high school,standard,none,76,76,74,75.33,Excellent
709,male,group E,associate's degree,free/reduced,completed,91,73,80,81.33,Excellent
710,female,group C,some college,free/reduced,none,62,72,70,68.0,Average
711,male,group D,some high school,free/reduced,completed,55,59,59,57.67,Average
712,female,group B,some high school,free/reduced,completed,74,90,88,84.0,Excellent
713,male,group C,high school,standard,none,50,48,42,46.67,Poor
714,male,group B,some college,standard,none,47,43,41,43.67,Poor
715,male,group E,some college,standard,completed,81,74,71,75.33,Excellent
716,female,group E,associate's degree,standard,completed,65,75,77,72.33,Excellent
717,male,group E,some high school,standard,completed,68,51,57,58.67,Average
718,female,group D,high school,free/reduced,none,73,92,84,83.0,Excellent
719,male,group C,some college,standard,none,53,39,37,43.0,Poor
720,female,group B,associate's degree,free/reduced,completed,68,77,80,75.0,Excellent
721,male,group A,some high school,free/reduced,none,55,46,43,48.0,Poor
722,female,group C,some college,standard,completed,87,89,94,90.0,Excellent
723,male,group D,some high school,standard,none,55,47,44,48.67,Poor
724,female,group E,some college,free/reduced,none,53,58,57,56.0,Average
725,male,group C,master's degree,standard,none,67,57,59,61.0,Average
726,male,group C,associate's degree,standard,none,92,79,84,85.0,Excellent
727,female,group B,some college,free/reduced,completed,53,66,73,64.0,Average
728,male,group D,associate's degree,standard,none,81,71,73,75.0,Excellent
729,male,group C,high school,free/reduced,none,61,60,55,58.67,Average
730,male,group D,bachelor's degree,standard,none,80,73,72,75.0,Excellent
731,female,group A,associate's degree,free/reduced,none,37,57,56,50.0,Poor
732,female,group C,high school,standard,none,81,84,82,82.33,Excellent
733,female,group C,associate's degree,standard,completed,59,73,72,68.0,Average
734,male,group B,some college,free/reduced,none,55,55,47,52.33,Average
735,male,group D,associate's degree,standard,none,72,79,74,75.0,Excellent
736,male,group D,high school,standard,none,69,75,71,71.67,Excellent
737,male,group C,some college,standard,none,69,64,68,67.0,Average
738,female,group C,bachelor's degree,free/reduced,none,50,60,59,56.33,Average
739,male,group B,some college,standard,completed,87,84,86,85.67,Excellent
740,male,group D,some high school,standard,completed,71,69,68,69.33,Average
741,male,group E,some college,standard,none,68,72,65,68.33,Average
742,male,group C,master's degree,free/reduced,completed,79,77,75,77.0,Excellent
743,female,group C,some high school,standard,completed,77,90,85,84.0,Excellent
744,male,group C,associate's degree,free/reduced,none,58,55,53,55.33,Average
745,female,group E,associate's degree,standard,none,84,95,92,90.33,Excellent
746,male,group D,some college,standard,none,55,58,52,55.0,Average
747,male,group E,bachelor's degree,free/reduced,completed,70,68,72,70.0,Average
748,female,group D,some college,free/reduced,completed,52,59,65,58.67,Average
749,male,group B,some college,standard,completed,69,77,77,74.33,Excellent
750,female,group C,high school,free/reduced,none,53,72,64,63.0,Average
751,female,group D,some high school,standard,none,48,58,54,53.33,Average
752,male,group D,some high school,standard,completed,78,81,86,81.67,Excellent
753,female,group B,high school,standard,none,62,62,63,62.33,Average
754,male,group D,some college,standard,none,60,63,59,60.67,Average
755,female,group B,high school,standard,none,74,72,72,72.67,Excellent
756,female,group C,high school,standard,completed,58,75,77,70.0,Average
757,male,group B,high school,standard,completed,76,62,60,66.0,Average
758,female,group D,some high school,standard,none,68,71,75,71.33,Excellent
759,male,group A,some college,free/reduced,none,58,60,57,58.33,Average
760,male,group B,high school,standard,none,52,48,49,49.67,Poor
761,male,group D,bachelor's degree,standard,none,75,73,74,74.0,Excellent
762,female,group B,some high school,free/reduced,completed,52,67,72,63.67,Average
763,female,group C,bachelor's degree,free/reduced,none,62,78,79,73.0,Excellent
764,male,group B,some college,standard,none,66,65,60,63.67,Average
765,female,group B,some high school,free/reduced,none,49,58,55,54.0,Average
766,female,group B,high school,standard,none,66,72,70,69.33,Average
767,female,group C,some college,free/reduced,none,35,44,43,40.67,Poor
768,female,group A,some college,standard,completed,72,79,82,77.67,Excellent
769,male,group E,associate's degree,standard,completed,94,85,82,87.0,Excellent
770,female,group D,associate's degree,free/reduced,none,46,56,57,53.0,Average
771,female,group B,master's degree,standard,none,77,90,84,83.67,Excellent
772,female,group B,high school,free/reduced,completed,76,85,82,81.0,Excellent
773,female,group C,associate's degree,standard,completed,52,59,62,57.67,Average
774,male,group C,bachelor's degree,standard,completed,91,81,79,83.67,Excellent
775,female,group B,some high school,standard,completed,32,51,44,42.33,Poor
776,female,group E,some high school,free/reduced,none,72,79,77,76.0,Excellent
777,male,group C,associate's degree,free/reduced,none,68,65,61,64.67,Average
778,female,group C,master's degree,free/reduced,none,52,65,61,59.33,Average
779,female,group B,high school,standard,none,48,62,60,56.67,Average
780,female,group D,some college,free/reduced,none,60,66,70,65.33,Average
781,male,group D,high school,free/reduced,none,66,74,69,69.67,Average
782,male,group E,some high school,standard,completed,89,84,77,83.33,Excellent
783,female,group B,high school,standard,none,42,52,51,48.33,Poor
784,female,group E,associate's degree,free/reduced,completed,57,68,73,66.0,Average
785,male,group D,high school,standard,none,70,70,70,70.0,Average
786,female,group E,associate's degree,free/reduced,none,70,84,81,78.33,Excellent
787,male,group E,some college,standard,none,69,60,54,61.0,Average
788,female,group C,associate's degree,standard,none,52,55,57,54.67,Average
789,male,group C,some high school,standard,completed,67,73,68,69.33,Average
790,male,group C,some high school,standard,completed,76,80,73,76.33,Excellent
791,female,group E,associate's degree,standard,none,87,94,95,92.0,Excellent
792,female,group B,some college,standard,none,82,85,87,84.67,Excellent
793,female,group C,some college,standard,none,73,76,78,75.67,Excellent
794,male,group A,some college,free/reduced,none,75,81,74,76.67,Excellent
795,female,group D,some college,free/reduced,none,64,74,75,71.0,Excellent
796,female,group E,high school,free/reduced,none,41,45,40,42.0,Poor
797,male,group C,high school,standard,none,90,75,69,78.0,Excellent
798,male,group B,bachelor's degree,standard,none,59,54,51,54.67,Average
799,male,group A,some high school,standard,none,51,31,36,39.33,Poor
800,male,group A,high school,free/reduced,none,45,47,49,47.0,Poor
801,female,group C,master's degree,standard,completed,54,64,67,61.67,Average
802,male,group E,some high school,standard,completed,87,84,76,82.33,Excellent
803,female,group C,high school,standard,none,72,80,83,78.33,Excellent
804,male,group B,some high school,standard,completed,94,86,87,89.0,Excellent
805,female,group A,bachelor's degree,standard,none,45,59,64,56.0,Average
806,male,group D,bachelor's degree,free/reduced,completed,61,70,76,69.0,Average
807,female,group B,high school,free/reduced,none,60,72,68,66.67,Average
808,female,group C,some high school,standard,none,77,91,88,85.33,Excellent
809,female,group A,some high school,standard,completed,85,90,92,89.0,Excellent
810,female,group D,bachelor's degree,free/reduced,none,78,90,93,87.0,Excellent
811,male,group E,some college,free/reduced,completed,49,52,51,50.67,Average
812,female,group B,high school,free/reduced,none,71,87,82,80.0,Excellent
813,female,group C,some high school,free/reduced,none,48,58,52,52.67,Average
814,male,group C,high school,standard,none,62,67,58,62.33,Average
815,female,group C,associate's degree,free/reduced,completed,56,68,70,64.67,Average
816,female,group C,some high school,standard,none,65,69,76,70.0,Average
817,female,group D,some high school,free/reduced,completed,69,86,81,78.67,Excellent
818,male,group B,some high school,standard,none,68,54,53,58.33,Average
819,female,group A,some college,free/reduced,none,61,60,57,59.33,Average
820,female,group C,bachelor's degree,free/reduced,completed,74,86,89,83.0,Excellent
821,male,group A,bachelor's degree,standard,none,64,60,58,60.67,Average
822,female,group B,high school,standard,completed,77,82,89,82.67,Excellent
823,male,group B,some college,standard,none,58,50,45,51.0,Average
824,female,group C,high school,standard,completed,60,64,74,66.0,Average
825,male,group E,high school,standard,none,73,64,57,64.67,Average
826,female,group A,high school,standard,completed,75,82,79,78.67,Excellent
827,male,group B,associate's degree,free/reduced,completed,58,57,53,56.0,Average
828,female,group C,associate's degree,standard,none,66,77,73,72.0,Excellent
829,female,group D,high school,free/reduced,none,39,52,46,45.67,Poor
830,male,group C,some high school,standard,none,64,58,51,57.67,Average
831,male,group B,some college,free/reduced,completed,74,77,76,75.67,Excellent
832,female,group D,some high school,free/reduced,completed,40,65,64,56.33,Average
833,male,group E,master's degree,standard,none,90,85,84,86.33,Excellent
834,male,group C,master's degree,standard,completed,91,85,85,87.0,Excellent
835,male,group D,high school,standard,none,64,54,50,56.0,Average
836,female,group C,high school,standard,none,59,72,68,66.33,Average
837,male,group D,associate's degree,standard,none,80,75,69,74.67,Excellent
838,male,group C,master's degree,standard,none,71,67,67,68.33,Average
839,female,group A,high school,standard,none,61,68,63,64.0,Average
840,female,group E,some college,standard,none,87,85,93,88.33,Excellent
841,male,group E,some high school,standard,none,82,67,61,70.0,Average
842,male,group C,some high school,standard,none,62,64,55,60.33,Average
843,female,group B,bachelor's degree,standard,none,97,97,96,96.67,Excellent
844,male,group B,some college,free/reduced,none,75,68,65,69.33,Average
845,female,group C,bachelor's degree,standard,none,65,79,81,75.0,Excellent
846,male,group B,high school,standard,completed,52,49,46,49.0,Poor
847,male,group C,associate's degree,free/reduced,none,87,73,72,77.33,Excellent
848,female,group C,associate's degree,standard,none,53,62,53,56.0,Average
849,female,group E,master's degree,free/reduced,none,81,86,87,84.67,Excellent
850,male,group D,bachelor's degree,free/reduced,completed,39,42,38,39.67,Poor
851,female,group C,some college,standard,completed,71,71,80,74.0,Excellent
852,male,group C,associate's degree,standard,none,97,93,91,93.67,Excellent
853,male,group D,some college,standard,completed,82,82,88,84.0,Excellent
854,male,group C,high school,free/reduced,none,59,53,52,54.67,Average
855,male,group B,associate's degree,standard,none,61,42,41,48.0,Poor
856,male,group E,associate's degree,free/reduced,completed,78,74,72,74.67,Excellent
857,male,group C,associate's degree,free/reduced,none,49,51,51,50.33,Average
858,male,group B,high school,standard,none,59,58,47,54.67,Average
859,female,group C,some college,standard,completed,70,72,76,72.67,Excellent
860,male,group B,associate's degree,standard,completed,82,84,78,81.33,Excellent
861,male,group E,associate's degree,free/reduced,none,90,90,82,87.33,Excellent
862,female,group C,bachelor's degree,free/reduced,none,43,62,61,55.33,Average
863,male,group C,some college,free/reduced,none,80,64,66,70.0,Average
864,male,group D,some college,standard,none,81,82,84,82.33,Excellent
865,male,group C,some high school,standard,none,57,61,54,57.33,Average
866,female,group D,some high school,standard,none,59,72,80,70.33,Excellent
867,female,group D,associate's degree,standard,none,64,76,74,71.33,Excellent
868,male,group C,bachelor's degree,standard,completed,63,64,66,64.33,Average
869,female,group E,bachelor's degree,standard,completed,71,70,70,70.33,Excellent
870,female,group B,high school,free/reduced,none,64,73,71,69.33,Average
871,male,group D,bachelor's degree,free/reduced,none,55,46,44,48.33,Poor
872,female,group E,associate's degree,standard,none,51,51,54,52.0,Average
873,female,group C,associate's degree,standard,completed,62,76,80,72.67,Excellent
874,female,group E,associate's degree,standard,completed,93,100,95,96.0,Excellent
875,male,group C,high school,free/reduced,none,54,72,59,61.67,Average
876,female,group D,some college,free/reduced,none,69,65,74,69.33,Average
877,male,group D,high school,free/reduced,none,44,51,48,47.67,Poor
878,female,group E,some college,standard,completed,86,85,91,87.33,Excellent
879,female,group E,associate's degree,standard,none,85,92,85,87.33,Excellent
880,female,group A,master's degree,free/reduced,none,50,67,73,63.33,Average
881,male,group D,some high school,standard,completed,88,74,75,79.0,Excellent
882,female,group E,associate's degree,standard,none,59,62,69,63.33,Average
883,female,group E,some high school,free/reduced,none,32,34,38,34.67,Poor
884,female,group B,some high school,free/reduced,completed,63,78,79,73.33,Excellent
885,male,group D,associate's degree,standard,completed,67,54,63,61.33,Average
886,female,group D,some high school,standard,completed,65,78,82,75.0,Excellent
887,male,group D,master's degree,standard,none,85,84,89,86.0,Excellent
888,female,group C,master's degree,standard,none,73,78,74,75.0,Excellent
889,female,group A,high school,free/reduced,completed,34,48,41,41.0,Poor
890,female,group D,bachelor's degree,free/reduced,completed,93,100,100,97.67,Excellent
891,female,group D,some high school,free/reduced,none,67,84,84,78.33,Excellent
892,male,group D,some college,standard,none,88,77,77,80.67,Excellent
893,male,group B,high school,standard,none,57,48,51,52.0,Average
894,female,group D,some college,standard,completed,79,84,91,84.67,Excellent
895,female,group C,bachelor's degree,free/reduced,none,67,75,72,71.33,Excellent
896,male,group E,bachelor's degree,standard,completed,70,64,70,68.0,Average
897,male,group D,bachelor's degree,free/reduced,none,50,42,48,46.67,Poor
898,female,group A,some college,standard,none,69,84,82,78.33,Excellent
899,female,group C,bachelor's degree,standard,completed,52,61,66,59.67,Average
900,female,group C,bachelor's degree,free/reduced,completed,47,62,66,58.33,Average
901,female,group B,associate's degree,free/reduced,none,46,61,55,54.0,Average
902,female,group E,some college,standard,none,68,70,66,68.0,Average
903,male,group E,bachelor's degree,standard,completed,100,100,100,100.0,Excellent
904,female,group C,high school,standard,none,44,61,52,52.33,Average
905,female,group C,associate's degree,standard,completed,57,77,80,71.33,Excellent
906,male,group B,some college,standard,completed,91,96,91,92.67,Excellent
907,male,group D,high school,free/reduced,none,69,70,67,68.67,Average
908,female,group C,high school,free/reduced,none,35,53,46,44.67,Poor
909,male,group D,high school,standard,none,72,66,66,68.0,Average
910,female,group B,associate's degree,free/reduced,none,54,65,65,61.33,Average
911,male,group D,high school,free/reduced,none,74,70,69,71.0,Excellent
912,male,group E,some high school,standard,completed,74,64,60,66.0,Average
913,male,group E,associate's degree,free/reduced,none,64,56,52,57.33,Average
914,female,group D,high school,free/reduced,completed,65,61,71,65.67,Average
915,male,group E,associate's degree,free/reduced,completed,46,43,44,44.33,Poor
916,female,group C,some high school,free/reduced,none,48,56,51,51.67,Average
917,male,group C,some college,free/reduced,completed,67,74,70,70.33,Excellent
918,male,group D,some college,free/reduced,none,62,57,62,60.33,Average
919,male,group D,associate's degree,free/reduced,completed,61,71,73,68.33,Average
920,male,group C,bachelor's degree,free/reduced,completed,70,75,74,73.0,Excellent
921,male,group C,associate's degree,standard,completed,98,87,90,91.67,Excellent
922,male,group D,some college,free/reduced,none,70,63,58,63.67,Average
923,male,group A,associate's degree,standard,none,67,57,53,59.0,Average
924,female,group E,high school,free/reduced,none,57,58,57,57.33,Average
925,male,group D,some college,standard,completed,85,81,85,83.67,Excellent
926,male,group D,some high school,standard,completed,77,68,69,71.33,Excellent
927,male,group C,master's degree,free/reduced,completed,72,66,72,70.0,Average
928,female,group D,master's degree,standard,none,78,91,96,88.33,Excellent
929,male,group C,high school,standard,none,81,66,64,70.33,Excellent
930,male,group A,some high school,free/reduced,completed,61,62,61,61.33,Average
931,female,group B,high school,standard,none,58,68,61,62.33,Average
932,female,group C,associate's degree,standard,none,54,61,58,57.67,Average
933,male,group B,high school,standard,none,82,82,80,81.33,Excellent
934,female,group D,some college,free/reduced,none,49,58,60,55.67,Average
935,male,group B,some high school,free/reduced,completed,49,50,52,50.33,Average
936,female,group E,high school,free/reduced,completed,57,75,73,68.33,Average
937,male,group E,high school,standard,none,94,73,71,79.33,Excellent
938,female,group D,some college,standard,completed,75,77,83,78.33,Excellent
939,female,group E,some high school,free/reduced,none,74,74,72,73.33,Excellent
940,male,group C,high school,standard,completed,58,52,54,54.67,Average
941,female,group C,some college,standard,none,62,69,69,66.67,Average
942,male,group E,associate's degree,standard,none,72,57,62,63.67,Average
943,male,group C,some college,standard,none,84,87,81,84.0,Excellent
944,female,group D,master's degree,standard,none,92,100,100,97.33,Excellent
945,female,group D,high school,standard,none,45,63,59,55.67,Average
946,male,group C,high school,standard,none,75,81,71,75.67,Excellent
947,female,group A,some college,standard,none,56,58,64,59.33,Average
948,female,group D,some high school,free/reduced,none,48,54,53,51.67,Average
949,female,group E,associate's degree,standard,none,100,100,100,100.0,Excellent
950,female,group C,some high school,free/reduced,completed,65,76,75,72.0,Excellent
951,male,group D,some college,standard,none,72,57,58,62.33,Average
952,female,group D,some college,standard,none,62,70,72,68.0,Average
953,male,group A,some high school,standard,completed,66,68,64,66.0,Average
954,male,group C,some college,standard,none,63,63,60,62.0,Average
955,female,group E,associate's degree,standard,none,68,76,67,70.33,Excellent
956,female,group B,bachelor's degree,standard,none,75,84,80,79.67,Excellent
957,female,group D,bachelor's degree,standard,none,89,100,100,96.33,Excellent
958,male,group C,some high school,standard,completed,78,72,69,73.0,Excellent
959,female,group A,high school,free/reduced,completed,53,50,60,54.33,Average
960,female,group D,some college,free/reduced,none,49,65,61,58.33,Average
961,female,group A,some college,standard,none,54,63,67,61.33,Average
962,female,group C,some college,standard,completed,64,82,77,74.33,Excellent
963,male,group B,some college,free/reduced,completed,60,62,60,60.67,Average
964,male,group C,associate's degree,standard,none,62,65,58,61.67,Average
965,male,group D,high school,standard,completed,55,41,48,48.0,Poor
966,female,group C,associate's degree,standard,none,91,95,94,93.33,Excellent
967,male,group D,some high school,standard,none,81,78,78,79.0,Excellent
968,male,group B,some high school,standard,completed,79,85,86,83.33,Excellent
969,female,group A,some college,standard,completed,78,87,91,85.33,Excellent
970,female,group C,some high school,standard,none,74,75,82,77.0,Excellent
971,male,group A,high school,standard,none,57,51,54,54.0,Average
972,female,group C,associate's degree,standard,none,40,59,51,50.0,Poor
973,male,group E,some high school,standard,completed,81,75,76,77.33,Excellent
974,female,group A,some high school,free/reduced,none,44,45,45,44.67,Poor
975,female,group D,some college,free/reduced,completed,67,86,83,78.67,Excellent
976,male,group E,high school,free/reduced,completed,86,81,75,80.67,Excellent
977,female,group B,some high school,standard,completed,65,82,78,75.0,Excellent
978,female,group D,associate's degree,free/reduced,none,55,76,76,69.0,Average
979,female,group D,bachelor's degree,free/reduced,none,62,72,74,69.33,Average
980,male,group A,high school,standard,none,63,63,62,62.67,Average
981,female,group E,master's degree,standard,completed,88,99,95,94.0,Excellent
982,male,group C,high school,free/reduced,none,62,55,55,57.33,Average
983,female,group C,high school,free/reduced,completed,59,71,65,65.0,Average
984,female,group D,some college,standard,completed,68,78,77,74.33,Excellent
985,female,group D,some college,free/reduced,none,77,86,86,83.0,Excellent
